total_trades,winrate,avg_R,profit_factor,max_drawdown,sharpe
404,43.06930693069307,-0.13609366479015783,0.9008374807921512,88.01909618176322,-0.701
