total_trades,winrate,avg_R,profit_factor,max_drawdown,sharpe
109,45.87155963302752,-0.25597459616539997,0.840870920065839,68.98044947165212,-0.5737
