total_trades,winrate,avg_R,profit_factor,max_drawdown,sharpe
185,22.702702702702705,-0.401709073022044,0.0843558170527343,3261.337395279218,-9.5565
